id;name;number_of_students;start_time;end_time
1;sitôt que;4219;2024-11-28T13:58:12;2024-11-28T04:14:47
2;si bien que aux environs de faciliter;19877;2024-11-28T03:04:20;2024-11-27T23:59:58
3;euh;14980;2024-11-27T18:25:14;2024-11-27T20:12:41
4;si;368;2024-11-28T08:46:57;2024-11-28T11:33:29
5;sincère aïe;31991;2024-11-28T03:59:47;2024-11-28T01:00:35
6;en decà de si;6243;2024-11-27T21:05:25;2024-11-28T15:48:35
7;diplomate équipe de recherche écrire;15563;2024-11-28T02:04:05;2024-11-28T03:22:47
8;chef de cuisine;6246;2024-11-27T22:54:10;2024-11-28T09:46:39
9;apprendre combler bien que;24043;2024-11-28T13:16:50;2024-11-28T04:13:31
10;tâcher détacher debout;22867;2024-11-28T01:23:42;2024-11-28T17:25:57
